{
    "checker_set_id" : "bkcheck_oc_rule",
    "checker_set_name" : "腾讯代码规范(OC)",
    "checker_set_lang" : "OC",
    "description" : "将根据公司规范持续更新…",
    "checker_props" : [
        {
            "tool_name" : "BKCHECK-OC",
            "checker_key" : "ClassNaming",
            "props" : "[{\"displayValue\":\"CamelCase\",\"propValue\":\"CamelCase\",\"propName\":\"ClassCase\"}]"
        },
        {
            "tool_name" : "BKCHECK-OC",
            "checker_key" : "FunctionNaming",
            "props" : "[{\"displayValue\":\"camelBack\",\"propValue\":\"camelBack\",\"propName\":\"FunctionCase\"}]"
        },
        {
            "tool_name" : "BKCHECK-OC",
            "checker_key" : "GlobalVariableNaming",
            "props" : "[{\"displayValue\":\"CamelCase\",\"propValue\":\"CamelCase\",\"propName\":\"GlobalVariableCase\"}]"
        },
        {
            "tool_name" : "BKCHECK-OC",
            "checker_key" : "Indent",
            "props" : "[{\"displayValue\":\"4\",\"propValue\":\"4\",\"propName\":\"IndentSize\"}]"
        },
        {
            "tool_name" : "BKCHECK-OC",
            "checker_key" : "LocalVariableNaming",
            "props" : "[{\"displayValue\":\"camelBack\",\"propValue\":\"camelBack\",\"propName\":\"LocalVariableCase\"}]"
        },
        {
            "tool_name" : "BKCHECK-OC",
            "checker_key" : "MacroNaming",
            "props" : "[{\"displayValue\":\"UPPER_CASE\",\"propValue\":\"UPPER_CASE\",\"propName\":\"MacroCase\"}]"
        },
        {
            "tool_name" : "BKCHECK-OC",
            "checker_key" : "MaxLineLength",
            "props" : "[{\"displayValue\":\"80\",\"propValue\":\"150\",\"propName\":\"MaxLineLength\"}]"
        },
        {
            "tool_name" : "BKCHECK-OC",
            "checker_key" : "MaxLinesPerFunction",
            "props" : "[{\"displayValue\":\"50\",\"propValue\":\"80\",\"propName\":\"LineThreshold\"}]"
        },
        {
            "tool_name" : "BKCHECK-OC",
            "checker_key" : "MethodNaming",
            "props" : "[{\"displayValue\":\"camelBack\",\"propValue\":\"camelBack\",\"propName\":\"MethodCase\"}]"
        },
        {
            "tool_name" : "BKCHECK-OC",
            "checker_key" : "ParameterNaming",
            "props" : "[{\"displayValue\":\"camelBack\",\"propValue\":\"camelBack\",\"propName\":\"ParameterCase\"}]"
        },
        {
            "tool_name" : "BKCHECK-OC",
            "checker_key" : "Copyright",
            "props" : ""
        },
        {
            "tool_name" : "BKCHECK-OC",
            "checker_key" : "MissingDocInterface",
            "props" : ""
        },
        {
            "tool_name" : "BKCHECK-OC",
            "checker_key" : "MissingDocProperty",
            "props" : ""
        },
        {
            "tool_name" : "BKCHECK-OC",
            "checker_key" : "MissingDocProtocol",
            "props" : ""
        },
        {
            "tool_name" : "BKCHECK-OC",
            "checker_key" : "ParameterCount",
            "props" : "[{\"displayValue\":\"6\",\"propValue\":\"6\",\"propName\":\"Max\"}]"
        }
    ]
}